7.25,74.0,3.0,3.0,3.875,47.0,3.0,4.0,1.875,19.0,4.0,2.0,4.875,50.0,2.0,2.0,6.875,86.0,5.0,4.0,23.25,280.0,4.0,5.0,49.25,693.0,6.0,5.0,21.75,323.0,5.0,4.0,2
5.875,59.0,2.0,2.0,7.125,75.0,2.0,2.0,6.25,67.0,2.0,5.0,5.625,73.0,5.0,5.0,9.75,140.0,5.0,5.0,21.875,274.0,4.0,5.0,15.125,132.0,5.0,5.0,14.875,176.0,5.0,4.0,2
5.25,68.0,5.0,5.0,12.0,154.0,3.0,5.0,5.5,58.0,2.0,4.0,7.125,78.0,5.0,4.0,7.25,71.0,5.0,3.0,24.5,326.0,5.0,5.0,46.375,659.0,6.0,5.0,12.25,161.0,4.0,5.0,2
6.125,60.0,4.0,3.0,7.0,75.0,3.0,3.0,6.375,49.0,3.0,2.0,5.375,42.0,3.0,2.0,4.125,48.0,2.0,2.0,18.0,225.0,5.0,5.0,36.875,446.0,5.0,4.0,11.625,155.0,4.0,4.0,2
3.875,39.0,2.0,2.0,2.5,32.0,3.0,3.0,2.75,32.0,4.0,5.0,2.625,20.0,1.0,3.0,4.75,55.0,3.0,3.0,10.25,114.0,4.0,5.0,19.25,191.0,4.0,4.0,16.125,205.0,5.0,3.0,2
3.0,28.0,3.0,2.0,2.875,31.0,2.0,4.0,2.875,38.0,4.0,5.0,4.375,50.0,4.0,5.0,7.25,77.0,4.0,6.0,24.25,264.0,4.0,3.0,44.25,471.0,4.0,3.0,10.5,145.0,5.0,4.0,2
9.375,102.0,2.0,4.0,16.625,200.0,4.0,4.0,6.625,82.0,4.0,4.0,5.25,58.0,3.0,3.0,5.625,65.0,3.0,3.0,10.75,136.0,5.0,4.0,46.75,601.0,5.0,4.0,15.5,229.0,7.0,6.0,2
9.0,140.0,3.0,5.0,18.375,267.0,6.0,5.0,3.875,53.0,4.0,4.0,2.125,27.0,4.0,5.0,1.75,25.0,1.0,5.0,21.625,254.0,6.0,5.0,38.125,504.0,4.0,4.0,12.375,135.0,5.0,4.0,2
4.0,44.0,2.0,3.0,5.625,81.0,5.0,6.0,3.5,47.0,3.0,5.0,4.5,62.0,6.0,5.0,5.75,66.0,3.0,2.0,24.25,207.0,3.0,4.0,43.75,555.0,5.0,4.0,10.25,108.0,3.0,5.0,2
6.0,72.0,5.0,5.0,5.5,65.0,3.0,3.0,3.125,32.0,2.0,2.0,2.75,28.0,3.0,3.0,4.25,44.0,3.0,3.0,11.625,169.0,3.0,5.0,25.25,259.0,4.0,4.0,17.25,132.0,2.0,2.0,2
5.75,60.0,4.0,4.0,9.75,136.0,5.0,4.0,2.5,16.0,2.0,4.0,5.375,78.0,6.0,6.0,6.75,97.0,6.0,5.0,26.25,360.0,6.0,5.0,31.25,389.0,4.0,6.0,22.875,272.0,4.0,5.0,2
6.75,81.0,3.0,4.0,12.5,93.0,3.0,2.0,8.25,68.0,3.0,2.0,5.75,59.0,5.0,4.0,4.25,53.0,5.0,5.0,17.75,229.0,4.0,4.0,13.125,154.0,3.0,4.0,13.0,122.0,3.0,3.0,2
5.0,55.0,4.0,5.0,8.0,77.0,4.0,5.0,5.25,58.0,3.0,3.0,4.375,39.0,2.0,4.0,2.875,36.0,5.0,5.0,9.5,99.0,3.0,3.0,20.5,234.0,1.0,5.0,14.625,175.0,4.0,5.0,2
8.75,122.0,5.0,4.0,8.75,117.0,5.0,4.0,2.875,32.0,4.0,3.0,2.25,27.0,3.0,4.0,3.25,38.0,4.0,3.0,18.875,155.0,4.0,3.0,32.0,411.0,5.0,4.0,16.625,155.0,4.0,3.0,2
3.75,38.0,4.0,4.0,4.25,51.0,4.0,5.0,3.375,38.0,4.0,4.0,4.75,54.0,5.0,5.0,7.125,108.0,6.0,5.0,28.25,377.0,5.0,5.0,32.625,344.0,5.0,5.0,12.125,135.0,5.0,4.0,2
3.5,41.0,4.0,4.0,9.625,111.0,4.0,3.0,3.375,42.0,3.0,3.0,2.75,30.0,1.0,1.0,6.5,84.0,5.0,4.0,16.125,212.0,5.0,6.0,43.625,537.0,4.0,5.0,19.125,207.0,3.0,5.0,2
13.375,184.0,6.0,5.0,17.125,211.0,5.0,4.0,7.5,106.0,6.0,5.0,5.875,80.0,6.0,5.0,11.5,151.0,6.0,4.0,24.0,324.0,4.0,5.0,38.0,465.0,4.0,5.0,22.5,253.0,4.0,3.0,2
4.875,36.0,2.0,3.0,9.25,94.0,3.0,5.0,2.875,26.0,4.0,3.0,2.75,35.0,2.0,4.0,3.75,51.0,3.0,4.0,14.125,184.0,6.0,5.0,34.0,403.0,5.0,4.0,10.0,122.0,5.0,4.0,2
2.875,34.0,2.0,3.0,6.625,71.0,4.0,3.0,2.875,26.0,2.0,2.0,2.875,42.0,4.0,5.0,5.0,60.0,3.0,3.0,25.875,356.0,6.0,5.0,28.75,394.0,5.0,4.0,14.625,182.0,5.0,4.0,2
3.875,39.0,3.0,4.0,4.0,33.0,3.0,2.0,2.0,29.0,3.0,5.0,3.375,39.0,4.0,5.0,8.625,122.0,6.0,5.0,39.625,555.0,6.0,5.0,38.5,521.0,6.0,5.0,11.25,121.0,3.0,3.0,2
8.625,97.0,3.0,5.0,9.75,104.0,4.0,3.0,7.625,71.0,3.0,3.0,6.0,44.0,2.0,2.0,5.0,67.0,3.0,5.0,9.75,127.0,6.0,5.0,9.5,103.0,3.0,3.0,12.25,135.0,5.0,4.0,2
7.75,99.0,4.0,4.0,8.625,100.0,1.0,5.0,6.875,71.0,3.0,4.0,5.375,64.0,5.0,4.0,6.125,69.0,3.0,4.0,14.0,156.0,5.0,4.0,30.75,434.0,4.0,5.0,22.375,159.0,3.0,2.0,2
4.375,47.0,4.0,3.0,6.625,87.0,3.0,4.0,2.625,27.0,3.0,3.0,2.875,31.0,4.0,4.0,7.5,88.0,2.0,2.0,13.875,131.0,2.0,3.0,27.0,307.0,3.0,3.0,19.625,267.0,6.0,5.0,2
3.375,30.0,2.0,5.0,6.125,61.0,3.0,4.0,4.625,50.0,4.0,4.0,5.25,59.0,5.0,4.0,11.0,151.0,6.0,5.0,18.125,210.0,5.0,4.0,22.0,134.0,3.0,2.0,18.625,231.0,4.0,6.0,2
11.0,122.0,2.0,6.0,12.375,128.0,6.0,5.0,6.0,53.0,2.0,2.0,5.125,38.0,3.0,2.0,4.875,52.0,5.0,6.0,15.375,198.0,4.0,5.0,37.125,380.0,3.0,3.0,6.625,53.0,2.0,2.0,2
3.375,36.0,3.0,3.0,4.0,52.0,6.0,6.0,3.0,37.0,3.0,5.0,4.75,59.0,6.0,5.0,9.5,121.0,5.0,4.0,12.875,132.0,5.0,5.0,29.75,323.0,4.0,4.0,12.0,128.0,2.0,4.0,2
8.375,101.0,5.0,4.0,14.625,194.0,6.0,5.0,6.375,90.0,5.0,5.0,4.0,43.0,4.0,4.0,9.375,141.0,5.0,5.0,25.75,339.0,5.0,5.0,37.125,556.0,6.0,6.0,10.0,132.0,4.0,5.0,2
3.0,38.0,2.0,5.0,7.625,102.0,2.0,5.0,1.5,15.0,5.0,4.0,1.875,20.0,2.0,2.0,3.75,35.0,4.0,3.0,11.0,150.0,6.0,5.0,22.875,297.0,5.0,4.0,25.25,365.0,5.0,5.0,2
5.5,67.0,4.0,4.0,6.75,66.0,4.0,4.0,5.0,63.0,4.0,5.0,6.5,72.0,3.0,4.0,6.875,78.0,3.0,3.0,21.625,291.0,5.0,5.0,19.25,171.0,3.0,3.0,19.25,251.0,5.0,4.0,2
9.375,125.0,6.0,5.0,20.75,273.0,5.0,5.0,9.25,79.0,3.0,2.0,6.125,49.0,2.0,2.0,6.75,80.0,4.0,4.0,20.125,254.0,5.0,5.0,29.0,326.0,6.0,5.0,20.625,197.0,2.0,4.0,2
8.25,119.0,4.0,4.0,8.375,96.0,6.0,5.0,5.5,69.0,5.0,4.0,6.0,68.0,5.0,4.0,5.0,70.0,6.0,5.0,13.5,207.0,4.0,5.0,59.75,759.0,6.0,5.0,25.375,296.0,4.0,3.0,2
7.875,95.0,4.0,4.0,6.125,73.0,5.0,6.0,3.75,45.0,5.0,4.0,2.875,29.0,3.0,4.0,6.875,80.0,5.0,4.0,13.0,177.0,6.0,5.0,39.5,483.0,4.0,5.0,22.875,344.0,5.0,5.0,2
8.375,91.0,4.0,5.0,18.625,200.0,4.0,5.0,6.125,77.0,5.0,4.0,6.0,71.0,4.0,4.0,9.75,130.0,6.0,5.0,17.625,211.0,5.0,4.0,58.625,591.0,4.0,5.0,9.75,137.0,5.0,5.0,2
11.5,122.0,5.0,4.0,15.5,172.0,5.0,4.0,5.25,52.0,3.0,4.0,3.5,39.0,3.0,3.0,3.625,41.0,3.0,3.0,19.75,217.0,4.0,4.0,36.5,390.0,5.0,4.0,17.125,173.0,5.0,5.0,2
7.75,92.0,6.0,5.0,17.125,190.0,4.0,4.0,3.875,41.0,4.0,4.0,4.875,41.0,3.0,5.0,7.25,70.0,3.0,3.0,19.25,270.0,4.0,5.0,40.875,505.0,3.0,4.0,17.0,185.0,3.0,3.0,2
4.625,31.0,2.0,2.0,7.625,57.0,2.0,4.0,4.5,60.0,4.0,4.0,6.125,70.0,4.0,5.0,4.0,40.0,4.0,3.0,15.75,183.0,5.0,5.0,22.125,256.0,4.0,4.0,10.375,83.0,4.0,2.0,2
8.125,108.0,6.0,5.0,5.0,51.0,5.0,4.0,1.75,16.0,1.0,2.0,3.625,38.0,2.0,4.0,6.25,55.0,3.0,2.0,18.0,183.0,5.0,4.0,16.875,225.0,4.0,4.0,11.5,113.0,3.0,2.0,2
7.25,67.0,2.0,2.0,5.875,58.0,4.0,4.0,1.5,15.0,1.0,3.0,2.75,18.0,2.0,1.0,6.5,62.0,4.0,3.0,19.25,149.0,4.0,5.0,29.25,288.0,4.0,4.0,15.375,166.0,4.0,5.0,2
6.25,81.0,6.0,4.0,10.0,132.0,4.0,3.0,3.375,47.0,3.0,5.0,4.0,49.0,2.0,3.0,5.625,57.0,2.0,2.0,13.375,123.0,2.0,4.0,29.0,343.0,6.0,5.0,8.25,54.0,2.0,1.0,2
8.5,75.0,4.0,2.0,5.0,46.0,4.0,4.0,3.375,39.0,2.0,4.0,3.625,43.0,4.0,4.0,5.625,73.0,4.0,4.0,20.875,222.0,4.0,3.0,37.5,470.0,4.0,5.0,16.375,245.0,6.0,5.0,2
4.25,39.0,3.0,3.0,3.875,32.0,2.0,3.0,3.875,38.0,2.0,5.0,6.125,77.0,4.0,5.0,4.125,37.0,4.0,3.0,11.375,72.0,2.0,2.0,26.875,277.0,4.0,4.0,13.0,185.0,6.0,5.0,2
5.625,61.0,3.0,4.0,15.5,132.0,3.0,2.0,7.75,71.0,2.0,2.0,5.25,49.0,2.0,4.0,7.0,59.0,2.0,3.0,19.875,224.0,3.0,3.0,40.625,512.0,5.0,4.0,22.0,289.0,6.0,6.0,2
5.625,66.0,4.0,4.0,10.625,161.0,4.0,5.0,6.0,83.0,5.0,5.0,8.375,108.0,5.0,5.0,11.375,129.0,5.0,5.0,18.125,227.0,5.0,6.0,37.5,405.0,6.0,5.0,11.125,95.0,3.0,3.0,2
9.375,122.0,5.0,4.0,10.25,146.0,6.0,6.0,5.125,74.0,6.0,6.0,6.125,72.0,5.0,4.0,6.5,89.0,4.0,4.0,32.5,462.0,6.0,6.0,54.875,816.0,7.0,6.0,15.5,196.0,6.0,6.0,2
4.75,57.0,4.0,4.0,10.625,134.0,5.0,6.0,4.5,41.0,4.0,3.0,2.375,25.0,4.0,5.0,4.0,45.0,6.0,5.0,14.375,167.0,4.0,3.0,30.125,349.0,3.0,4.0,14.125,172.0,6.0,5.0,2
4.75,51.0,3.0,4.0,7.875,73.0,3.0,5.0,2.875,32.0,6.0,5.0,4.0,37.0,4.0,3.0,4.875,49.0,4.0,3.0,17.75,182.0,3.0,3.0,27.125,325.0,4.0,3.0,17.75,193.0,4.0,6.0,2
4.75,71.0,3.0,4.0,8.375,102.0,4.0,5.0,5.625,55.0,4.0,4.0,7.25,72.0,3.0,3.0,4.375,51.0,5.0,4.0,13.5,206.0,6.0,5.0,22.125,228.0,4.0,5.0,23.625,320.0,6.0,5.0,2
4.625,60.0,6.0,5.0,4.625,68.0,5.0,6.0,2.875,32.0,2.0,4.0,3.75,43.0,2.0,5.0,7.875,82.0,2.0,4.0,21.875,265.0,6.0,5.0,25.0,333.0,5.0,5.0,22.375,217.0,4.0,3.0,2
6.625,83.0,4.0,4.0,5.125,69.0,6.0,5.0,3.25,36.0,4.0,5.0,4.0,40.0,3.0,4.0,7.5,76.0,3.0,3.0,32.625,347.0,4.0,3.0,65.125,578.0,4.0,5.0,26.875,305.0,3.0,3.0,2
9.75,114.0,3.0,3.0,10.625,149.0,4.0,4.0,6.125,69.0,4.0,3.0,7.75,90.0,4.0,3.0,13.375,153.0,3.0,3.0,29.25,377.0,6.0,5.0,34.375,348.0,4.0,3.0,10.25,98.0,4.0,2.0,2
9.625,114.0,4.0,3.0,16.75,205.0,4.0,4.0,5.0,54.0,2.0,4.0,3.375,20.0,2.0,3.0,4.625,38.0,2.0,3.0,22.875,288.0,5.0,4.0,45.25,651.0,4.0,4.0,18.5,248.0,5.0,5.0,2
3.5,31.0,3.0,5.0,6.375,52.0,5.0,4.0,1.875,14.0,0.0,3.0,3.0,27.0,3.0,3.0,4.0,52.0,3.0,4.0,16.375,234.0,4.0,5.0,38.0,558.0,6.0,6.0,13.5,192.0,5.0,5.0,2
5.625,68.0,3.0,3.0,10.875,136.0,5.0,4.0,6.25,74.0,2.0,4.0,8.5,105.0,3.0,4.0,12.0,156.0,5.0,4.0,24.875,359.0,6.0,5.0,22.625,313.0,4.0,4.0,21.5,269.0,4.0,3.0,2
3.875,22.0,0.0,3.0,6.375,75.0,3.0,6.0,6.25,56.0,2.0,3.0,5.125,62.0,4.0,5.0,5.75,54.0,3.0,4.0,25.375,261.0,5.0,4.0,16.125,167.0,3.0,4.0,10.125,70.0,2.0,2.0,2
1.5,15.0,0.0,4.0,3.375,37.0,2.0,2.0,3.25,20.0,2.0,1.0,6.125,53.0,4.0,5.0,6.625,57.0,3.0,4.0,19.625,199.0,5.0,5.0,35.625,404.0,4.0,6.0,19.875,261.0,6.0,5.0,2
4.125,35.0,3.0,2.0,3.625,48.0,5.0,5.0,3.125,26.0,4.0,3.0,1.375,18.0,0.0,2.0,3.75,31.0,2.0,5.0,10.125,115.0,4.0,3.0,38.75,508.0,6.0,6.0,16.25,181.0,3.0,4.0,2
2.625,27.0,4.0,3.0,2.375,22.0,2.0,2.0,3.0,35.0,4.0,4.0,4.5,57.0,4.0,4.0,9.0,113.0,5.0,4.0,22.5,247.0,2.0,4.0,43.75,309.0,2.0,6.0,5.875,26.0,1.0,2.0,2
6.625,66.0,4.0,3.0,6.0,47.0,2.0,3.0,4.25,47.0,4.0,4.0,5.125,65.0,4.0,4.0,5.375,62.0,4.0,3.0,32.75,380.0,5.0,5.0,51.625,524.0,5.0,4.0,24.75,333.0,5.0,5.0,2
5.875,75.0,6.0,5.0,6.875,97.0,4.0,4.0,2.625,25.0,2.0,2.0,4.125,33.0,3.0,2.0,7.375,66.0,3.0,4.0,19.0,233.0,5.0,4.0,29.375,362.0,5.0,4.0,10.625,90.0,3.0,3.0,2
6.375,69.0,4.0,4.0,6.125,47.0,3.0,6.0,2.375,31.0,4.0,6.0,3.75,39.0,2.0,4.0,3.25,32.0,1.0,4.0,18.5,244.0,4.0,5.0,22.5,289.0,6.0,5.0,13.25,134.0,4.0,3.0,2
4.25,46.0,3.0,4.0,3.375,35.0,5.0,4.0,4.5,54.0,3.0,6.0,6.875,82.0,4.0,4.0,7.5,95.0,4.0,4.0,17.875,130.0,2.0,2.0,26.75,353.0,6.0,5.0,20.0,231.0,6.0,5.0,2
4.0,35.0,2.0,1.0,4.375,50.0,3.0,6.0,5.875,46.0,3.0,2.0,5.375,45.0,3.0,2.0,4.125,45.0,4.0,4.0,13.125,159.0,3.0,5.0,27.25,297.0,4.0,5.0,12.75,95.0,3.0,1.0,2
5.125,60.0,4.0,4.0,9.25,106.0,6.0,5.0,2.875,38.0,3.0,5.0,4.0,50.0,3.0,5.0,5.125,56.0,3.0,4.0,12.375,129.0,3.0,2.0,34.5,357.0,5.0,4.0,15.625,197.0,5.0,4.0,2
2.875,31.0,1.0,3.0,4.5,47.0,4.0,5.0,2.25,24.0,4.0,3.0,1.875,16.0,2.0,2.0,4.625,55.0,3.0,5.0,12.25,166.0,6.0,6.0,47.25,600.0,6.0,6.0,7.5,55.0,2.0,3.0,2
6.75,78.0,5.0,5.0,11.25,153.0,4.0,5.0,6.625,78.0,4.0,5.0,6.875,82.0,6.0,5.0,8.0,90.0,6.0,4.0,29.5,438.0,6.0,6.0,59.625,881.0,6.0,6.0,26.5,310.0,6.0,5.0,2
6.25,69.0,5.0,4.0,6.75,69.0,2.0,4.0,3.875,23.0,1.0,4.0,4.25,34.0,1.0,3.0,5.875,54.0,0.0,3.0,20.625,255.0,3.0,3.0,41.625,454.0,2.0,4.0,15.875,145.0,4.0,3.0,2
4.0,55.0,2.0,4.0,5.25,53.0,4.0,3.0,3.125,33.0,3.0,3.0,1.625,14.0,3.0,2.0,2.375,23.0,2.0,3.0,13.625,161.0,3.0,3.0,23.375,249.0,4.0,5.0,15.375,171.0,6.0,5.0,2
5.0,58.0,4.0,4.0,4.125,45.0,2.0,3.0,2.375,29.0,4.0,4.0,2.375,30.0,3.0,6.0,3.5,49.0,5.0,5.0,14.25,157.0,4.0,4.0,14.25,186.0,4.0,6.0,5.75,59.0,6.0,5.0,2
6.25,65.0,5.0,3.0,8.5,101.0,5.0,4.0,5.5,44.0,2.0,2.0,4.75,41.0,2.0,2.0,5.125,47.0,4.0,3.0,31.25,323.0,4.0,4.0,27.125,357.0,5.0,4.0,21.5,307.0,4.0,4.0,2
3.75,48.0,4.0,5.0,3.125,35.0,3.0,5.0,2.5,14.0,2.0,6.0,2.75,40.0,6.0,5.0,2.625,21.0,2.0,3.0,10.625,95.0,3.0,4.0,8.375,78.0,5.0,2.0,10.5,159.0,5.0,5.0,2
1.625,22.0,1.0,4.0,3.125,40.0,4.0,3.0,3.0,22.0,1.0,2.0,3.25,36.0,3.0,3.0,6.625,72.0,4.0,4.0,17.5,174.0,4.0,4.0,48.875,663.0,5.0,6.0,13.375,175.0,6.0,5.0,2
2.75,34.0,3.0,4.0,2.5,21.0,3.0,3.0,3.25,37.0,4.0,3.0,5.875,59.0,3.0,5.0,9.5,102.0,5.0,4.0,32.375,409.0,5.0,4.0,31.25,365.0,3.0,4.0,16.875,237.0,5.0,5.0,2
6.375,70.0,3.0,4.0,8.75,95.0,4.0,5.0,4.0,35.0,3.0,5.0,4.75,58.0,5.0,5.0,6.0,76.0,5.0,5.0,15.125,197.0,6.0,5.0,41.0,498.0,4.0,3.0,13.375,125.0,3.0,3.0,2
4.5,56.0,5.0,4.0,5.5,63.0,4.0,4.0,4.0,46.0,5.0,4.0,4.125,52.0,5.0,4.0,6.0,77.0,5.0,4.0,18.25,195.0,3.0,5.0,26.625,355.0,5.0,5.0,17.0,173.0,4.0,3.0,2
3.875,50.0,3.0,5.0,4.375,53.0,6.0,5.0,2.625,27.0,2.0,4.0,3.25,31.0,4.0,2.0,5.5,77.0,5.0,5.0,21.125,246.0,2.0,4.0,42.125,320.0,2.0,3.0,25.75,359.0,3.0,4.0,2
4.875,53.0,2.0,3.0,5.5,67.0,4.0,5.0,3.0,34.0,2.0,4.0,3.0,37.0,7.0,6.0,4.375,53.0,6.0,5.0,10.875,91.0,3.0,2.0,22.125,200.0,3.0,2.0,11.0,160.0,6.0,5.0,2
3.125,37.0,4.0,4.0,2.875,36.0,6.0,6.0,2.125,27.0,2.0,3.0,4.25,59.0,4.0,6.0,7.875,111.0,5.0,4.0,29.0,357.0,5.0,4.0,26.625,271.0,4.0,3.0,20.875,289.0,3.0,4.0,2
4.625,66.0,6.0,5.0,4.75,48.0,3.0,3.0,3.875,39.0,4.0,5.0,4.75,54.0,5.0,5.0,4.375,67.0,6.0,6.0,18.0,147.0,3.0,2.0,18.625,269.0,5.0,4.0,18.5,266.0,4.0,5.0,2
5.625,67.0,4.0,3.0,11.0,143.0,3.0,3.0,2.625,19.0,3.0,4.0,3.75,24.0,3.0,3.0,2.875,34.0,6.0,5.0,8.5,93.0,3.0,4.0,11.625,163.0,3.0,5.0,11.875,123.0,4.0,4.0,2
3.375,32.0,2.0,5.0,5.25,76.0,5.0,5.0,2.125,24.0,1.0,2.0,3.375,39.0,2.0,3.0,4.5,41.0,3.0,4.0,20.25,251.0,5.0,6.0,38.625,371.0,3.0,3.0,18.875,191.0,3.0,4.0,2
4.5,54.0,5.0,6.0,4.0,44.0,3.0,2.0,2.5,17.0,2.0,2.0,3.125,39.0,5.0,5.0,5.75,78.0,5.0,6.0,15.375,131.0,3.0,4.0,18.625,190.0,2.0,4.0,23.125,316.0,4.0,5.0,2
4.25,54.0,4.0,4.0,2.25,28.0,2.0,4.0,3.625,30.0,3.0,2.0,5.5,47.0,3.0,2.0,9.75,120.0,5.0,5.0,26.5,354.0,5.0,4.0,80.75,981.0,5.0,5.0,17.125,195.0,5.0,4.0,2
4.5,55.0,4.0,4.0,5.0,59.0,3.0,5.0,3.375,40.0,3.0,3.0,3.625,37.0,2.0,3.0,8.0,99.0,4.0,4.0,15.75,160.0,3.0,4.0,26.625,252.0,3.0,2.0,11.0,136.0,5.0,4.0,2
5.625,71.0,3.0,5.0,2.0,25.0,5.0,5.0,2.625,30.0,3.0,5.0,4.125,46.0,2.0,3.0,7.75,87.0,5.0,4.0,23.125,287.0,3.0,5.0,48.875,599.0,5.0,4.0,11.375,149.0,6.0,5.0,2
6.375,71.0,6.0,5.0,9.625,95.0,2.0,4.0,5.25,40.0,2.0,2.0,5.75,48.0,1.0,2.0,5.25,52.0,2.0,4.0,18.5,198.0,3.0,5.0,32.625,306.0,2.0,3.0,19.625,243.0,5.0,5.0,2
4.125,46.0,3.0,4.0,12.25,175.0,3.0,5.0,1.625,24.0,2.0,4.0,2.875,31.0,3.0,4.0,4.25,41.0,3.0,4.0,19.125,242.0,5.0,6.0,19.5,256.0,5.0,5.0,16.5,200.0,4.0,5.0,2
4.75,62.0,3.0,5.0,3.875,54.0,4.0,5.0,1.5,15.0,4.0,3.0,1.375,10.0,1.0,3.0,5.5,59.0,3.0,3.0,18.125,216.0,4.0,3.0,17.125,150.0,4.0,3.0,10.75,152.0,6.0,5.0,2
3.0,35.0,4.0,3.0,4.125,43.0,4.0,3.0,3.0,31.0,1.0,1.0,5.5,62.0,5.0,4.0,9.0,97.0,3.0,4.0,47.625,569.0,5.0,4.0,21.625,274.0,4.0,5.0,15.0,152.0,2.0,4.0,2
2.625,28.0,5.0,4.0,2.375,22.0,1.0,3.0,2.625,27.0,3.0,3.0,3.5,41.0,1.0,4.0,6.875,90.0,4.0,4.0,26.625,316.0,3.0,4.0,13.625,159.0,4.0,6.0,7.25,65.0,3.0,2.0,2
3.25,27.0,2.0,2.0,2.125,20.0,3.0,3.0,2.375,29.0,3.0,3.0,3.75,23.0,2.0,2.0,6.25,64.0,5.0,4.0,31.625,392.0,5.0,5.0,24.875,191.0,1.0,5.0,11.5,104.0,4.0,5.0,2
3.5,43.0,4.0,3.0,6.75,80.0,3.0,3.0,5.0,58.0,4.0,4.0,6.125,60.0,4.0,4.0,4.25,41.0,2.0,5.0,15.625,151.0,4.0,6.0,30.875,294.0,2.0,4.0,18.0,115.0,1.0,3.0,2
8.0,116.0,6.0,6.0,4.875,74.0,6.0,6.0,3.375,48.0,5.0,5.0,3.125,38.0,5.0,5.0,6.75,78.0,3.0,5.0,18.0,246.0,7.0,6.0,34.375,395.0,4.0,4.0,24.625,375.0,6.0,6.0,2
3.25,33.0,3.0,4.0,2.625,29.0,5.0,3.0,2.0,18.0,1.0,3.0,3.75,38.0,4.0,5.0,7.625,69.0,4.0,3.0,27.875,156.0,2.0,4.0,29.375,264.0,2.0,3.0,19.375,197.0,2.0,3.0,2
5.625,46.0,2.0,2.0,14.125,128.0,3.0,4.0,4.25,43.0,2.0,2.0,4.875,49.0,2.0,3.0,4.75,50.0,3.0,3.0,40.0,505.0,5.0,4.0,58.75,722.0,5.0,4.0,10.375,111.0,3.0,4.0,2
7.375,90.0,5.0,5.0,7.625,99.0,5.0,4.0,4.5,57.0,2.0,5.0,6.25,82.0,6.0,5.0,7.875,104.0,4.0,5.0,17.5,245.0,4.0,4.0,29.375,349.0,3.0,5.0,16.0,83.0,3.0,2.0,2
5.125,59.0,5.0,5.0,14.25,188.0,5.0,5.0,3.625,46.0,4.0,4.0,3.125,44.0,4.0,5.0,3.5,40.0,4.0,3.0,10.75,116.0,2.0,3.0,35.875,463.0,4.0,5.0,13.25,116.0,3.0,3.0,2
4.0,23.0,2.0,1.0,7.875,89.0,6.0,5.0,3.25,30.0,2.0,3.0,4.0,40.0,5.0,3.0,8.125,92.0,5.0,4.0,13.5,163.0,4.0,5.0,24.75,273.0,3.0,3.0,15.625,198.0,4.0,4.0,2
4.125,49.0,3.0,4.0,5.75,70.0,2.0,6.0,5.5,55.0,4.0,3.0,7.25,82.0,6.0,5.0,7.5,84.0,6.0,4.0,17.625,205.0,5.0,4.0,23.5,292.0,5.0,6.0,9.375,94.0,2.0,4.0,2
1.25,13.0,2.0,2.0,2.25,24.0,4.0,4.0,3.625,46.0,6.0,5.0,4.125,54.0,3.0,5.0,5.75,78.0,3.0,5.0,22.0,189.0,4.0,3.0,16.75,146.0,2.0,4.0,3.125,36.0,3.0,3.0,2
3.25,46.0,2.0,6.0,6.25,73.0,2.0,2.0,1.375,16.0,2.0,4.0,3.125,35.0,6.0,5.0,3.375,44.0,6.0,5.0,14.0,130.0,3.0,2.0,27.0,292.0,3.0,4.0,21.75,271.0,5.0,6.0,2
5.875,71.0,5.0,3.0,6.875,88.0,3.0,5.0,3.75,40.0,5.0,4.0,3.625,35.0,2.0,4.0,3.0,28.0,3.0,2.0,11.25,130.0,5.0,3.0,18.625,249.0,7.0,6.0,21.125,260.0,5.0,4.0,2
10.5,107.0,3.0,5.0,13.625,121.0,3.0,3.0,6.125,65.0,3.0,4.0,5.75,50.0,5.0,4.0,6.625,59.0,5.0,3.0,31.375,351.0,3.0,4.0,49.75,657.0,5.0,5.0,31.0,392.0,4.0,5.0,2
6.25,57.0,5.0,3.0,17.0,188.0,2.0,4.0,6.5,73.0,4.0,5.0,5.5,60.0,3.0,3.0,7.375,75.0,3.0,3.0,16.375,225.0,5.0,6.0,21.75,298.0,6.0,5.0,9.875,93.0,4.0,2.0,2
7.875,89.0,3.0,3.0,13.875,150.0,3.0,3.0,6.5,64.0,4.0,3.0,4.75,52.0,4.0,4.0,8.625,97.0,4.0,4.0,28.75,288.0,5.0,4.0,58.5,746.0,5.0,4.0,10.25,96.0,4.0,3.0,2
4.125,46.0,3.0,4.0,6.25,77.0,5.0,6.0,2.625,26.0,2.0,3.0,3.625,44.0,5.0,4.0,5.375,62.0,5.0,4.0,21.0,270.0,5.0,5.0,29.5,347.0,5.0,6.0,18.75,217.0,3.0,2.0,2
2.625,24.0,1.0,5.0,2.125,25.0,2.0,5.0,1.625,21.0,2.0,5.0,4.625,57.0,4.0,5.0,3.375,39.0,3.0,3.0,18.125,223.0,5.0,4.0,18.0,231.0,6.0,6.0,7.5,85.0,2.0,5.0,2
6.25,56.0,3.0,2.0,2.75,25.0,3.0,3.0,2.5,23.0,1.0,2.0,3.5,45.0,4.0,5.0,6.875,89.0,5.0,5.0,37.75,485.0,6.0,5.0,47.75,548.0,5.0,4.0,13.625,139.0,4.0,3.0,2
7.0,68.0,3.0,3.0,10.5,136.0,2.0,4.0,2.75,30.0,5.0,5.0,3.0,34.0,2.0,5.0,3.0,30.0,1.0,2.0,22.75,268.0,3.0,5.0,24.0,269.0,4.0,5.0,13.0,152.0,5.0,4.0,2
5.875,79.0,5.0,5.0,7.625,107.0,5.0,5.0,6.125,58.0,2.0,2.0,5.5,57.0,2.0,2.0,5.375,73.0,5.0,5.0,31.875,331.0,5.0,4.0,17.0,184.0,4.0,3.0,10.125,118.0,4.0,3.0,2
3.375,42.0,2.0,4.0,4.125,49.0,3.0,6.0,4.0,36.0,2.0,4.0,3.25,32.0,4.0,3.0,8.375,80.0,4.0,3.0,48.625,518.0,5.0,5.0,11.5,128.0,3.0,4.0,20.625,316.0,5.0,5.0,2
4.125,46.0,3.0,3.0,8.75,60.0,2.0,2.0,7.0,75.0,1.0,3.0,4.625,45.0,1.0,3.0,4.125,43.0,2.0,3.0,24.0,282.0,4.0,4.0,15.5,125.0,2.0,3.0,7.5,106.0,6.0,5.0,2
4.375,40.0,3.0,3.0,8.5,109.0,3.0,5.0,3.0,30.0,3.0,4.0,3.75,35.0,3.0,4.0,5.875,72.0,5.0,4.0,19.625,240.0,5.0,4.0,18.25,253.0,2.0,4.0,11.5,107.0,3.0,4.0,2
3.125,25.0,1.0,2.0,3.25,33.0,3.0,3.0,2.25,24.0,5.0,4.0,4.25,52.0,5.0,4.0,10.75,149.0,4.0,4.0,32.125,389.0,3.0,2.0,42.625,622.0,6.0,5.0,22.0,189.0,4.0,3.0,2
4.75,41.0,2.0,5.0,4.75,61.0,4.0,5.0,4.875,58.0,6.0,5.0,5.125,58.0,6.0,5.0,6.0,69.0,4.0,5.0,30.625,359.0,4.0,4.0,35.625,450.0,6.0,5.0,13.0,158.0,6.0,5.0,2
4.875,50.0,4.0,3.0,5.625,82.0,4.0,5.0,3.375,42.0,5.0,4.0,2.125,27.0,4.0,3.0,4.25,48.0,4.0,4.0,30.125,376.0,4.0,3.0,58.25,420.0,3.0,4.0,7.625,100.0,4.0,4.0,2
6.5,84.0,6.0,5.0,9.125,118.0,5.0,5.0,3.5,41.0,4.0,5.0,4.25,64.0,6.0,6.0,5.875,70.0,4.0,3.0,18.25,248.0,3.0,2.0,73.0,756.0,4.0,3.0,11.0,154.0,4.0,4.0,2
4.125,44.0,3.0,4.0,6.625,78.0,3.0,3.0,3.875,35.0,3.0,4.0,3.5,48.0,2.0,4.0,6.5,67.0,4.0,5.0,30.125,368.0,4.0,4.0,55.375,687.0,5.0,4.0,7.875,62.0,2.0,3.0,2
4.25,58.0,5.0,5.0,5.25,70.0,5.0,6.0,1.75,25.0,4.0,6.0,2.125,24.0,4.0,4.0,4.75,39.0,3.0,2.0,22.375,248.0,4.0,6.0,35.5,424.0,3.0,5.0,10.75,135.0,4.0,5.0,2
4.0,35.0,3.0,2.0,3.75,31.0,3.0,3.0,3.625,37.0,3.0,3.0,5.125,64.0,5.0,4.0,4.875,54.0,4.0,3.0,17.5,222.0,5.0,5.0,27.5,343.0,4.0,4.0,23.75,326.0,5.0,4.0,2
3.125,27.0,2.0,1.0,4.625,50.0,5.0,4.0,3.75,44.0,4.0,4.0,4.0,41.0,2.0,1.0,5.25,69.0,2.0,4.0,24.375,319.0,4.0,4.0,17.0,201.0,5.0,4.0,15.875,180.0,1.0,4.0,2
3.75,36.0,3.0,4.0,1.875,22.0,3.0,4.0,5.125,61.0,3.0,4.0,6.75,88.0,5.0,4.0,6.0,65.0,4.0,4.0,22.25,274.0,5.0,4.0,15.75,215.0,6.0,5.0,7.5,60.0,4.0,3.0,2
8.25,82.0,5.0,4.0,4.375,48.0,3.0,4.0,2.25,29.0,3.0,3.0,5.0,70.0,6.0,5.0,9.25,100.0,5.0,5.0,18.75,186.0,3.0,4.0,30.125,282.0,3.0,4.0,14.75,120.0,3.0,4.0,2
4.5,50.0,2.0,3.0,12.375,172.0,4.0,4.0,2.75,31.0,1.0,2.0,5.875,70.0,5.0,4.0,8.0,101.0,5.0,5.0,28.5,173.0,2.0,3.0,54.75,548.0,4.0,4.0,12.75,178.0,4.0,5.0,2
10.25,136.0,3.0,5.0,15.5,182.0,2.0,2.0,7.875,95.0,5.0,5.0,7.5,107.0,5.0,5.0,9.875,140.0,6.0,5.0,41.375,557.0,5.0,5.0,60.25,747.0,5.0,4.0,34.25,486.0,5.0,5.0,2
4.25,45.0,3.0,3.0,6.5,65.0,4.0,2.0,4.0,44.0,4.0,5.0,3.125,21.0,2.0,1.0,7.875,81.0,4.0,3.0,17.25,226.0,4.0,4.0,31.625,397.0,4.0,4.0,11.625,115.0,4.0,3.0,2
4.875,37.0,1.0,3.0,13.75,129.0,3.0,2.0,5.125,48.0,1.0,4.0,4.125,49.0,4.0,4.0,6.375,73.0,5.0,4.0,23.75,280.0,5.0,4.0,25.375,294.0,5.0,4.0,8.625,62.0,2.0,3.0,2
3.625,37.0,4.0,3.0,6.25,77.0,2.0,3.0,3.625,41.0,3.0,4.0,4.0,51.0,6.0,5.0,5.125,60.0,5.0,2.0,29.625,367.0,3.0,4.0,24.375,185.0,1.0,4.0,13.25,132.0,3.0,3.0,2
4.25,38.0,3.0,3.0,5.625,70.0,5.0,3.0,3.25,41.0,5.0,5.0,2.25,32.0,5.0,5.0,2.625,21.0,2.0,4.0,8.5,94.0,4.0,4.0,26.125,323.0,4.0,4.0,20.125,272.0,7.0,6.0,2
4.25,42.0,4.0,3.0,4.625,48.0,3.0,2.0,3.625,34.0,4.0,4.0,5.875,76.0,2.0,4.0,8.375,128.0,3.0,4.0,14.625,161.0,3.0,5.0,22.25,270.0,5.0,5.0,17.75,220.0,2.0,4.0,2
5.375,81.0,4.0,4.0,8.625,108.0,5.0,5.0,2.375,18.0,1.0,2.0,3.875,50.0,5.0,4.0,5.5,80.0,6.0,5.0,11.625,126.0,4.0,5.0,36.0,387.0,3.0,5.0,15.5,162.0,4.0,3.0,2
5.75,68.0,2.0,5.0,7.375,59.0,2.0,2.0,4.75,55.0,4.0,5.0,6.375,90.0,5.0,5.0,8.125,113.0,6.0,5.0,26.875,292.0,2.0,5.0,46.625,529.0,4.0,5.0,18.25,227.0,4.0,5.0,2
5.375,69.0,4.0,4.0,5.75,75.0,5.0,4.0,6.5,71.0,2.0,3.0,6.0,74.0,3.0,3.0,7.75,90.0,4.0,5.0,29.375,379.0,5.0,5.0,39.625,457.0,6.0,5.0,20.875,252.0,5.0,4.0,2
4.125,37.0,4.0,3.0,6.875,93.0,4.0,5.0,5.25,63.0,3.0,4.0,7.5,100.0,5.0,4.0,14.5,194.0,6.0,5.0,33.75,454.0,4.0,4.0,50.25,568.0,3.0,4.0,20.0,278.0,6.0,5.0,2
3.75,41.0,4.0,2.0,3.875,34.0,2.0,4.0,3.5,40.0,5.0,3.0,5.0,60.0,4.0,4.0,11.125,155.0,4.0,4.0,19.5,305.0,7.0,6.0,38.125,348.0,3.0,5.0,16.875,210.0,3.0,5.0,2
3.875,57.0,2.0,4.0,2.75,18.0,1.0,2.0,3.375,44.0,6.0,5.0,4.375,53.0,3.0,4.0,7.875,92.0,4.0,4.0,33.125,403.0,5.0,4.0,54.875,777.0,7.0,6.0,12.75,171.0,3.0,3.0,2
5.5,68.0,3.0,4.0,14.375,185.0,4.0,4.0,4.625,67.0,4.0,5.0,6.0,75.0,5.0,6.0,6.125,78.0,5.0,5.0,23.375,246.0,3.0,2.0,52.125,535.0,3.0,2.0,16.875,186.0,4.0,3.0,2
9.625,112.0,2.0,5.0,17.75,200.0,5.0,5.0,7.25,91.0,5.0,4.0,4.75,60.0,3.0,4.0,6.875,83.0,3.0,3.0,22.875,282.0,3.0,4.0,29.875,226.0,4.0,4.0,24.25,241.0,4.0,3.0,2
6.125,51.0,3.0,3.0,4.75,62.0,1.0,4.0,3.0,21.0,2.0,2.0,4.375,37.0,3.0,2.0,10.375,100.0,3.0,3.0,22.625,332.0,5.0,6.0,30.25,306.0,5.0,4.0,19.625,206.0,3.0,5.0,2
4.75,46.0,3.0,4.0,2.75,35.0,5.0,5.0,3.625,45.0,5.0,5.0,4.75,59.0,5.0,3.0,6.75,85.0,4.0,3.0,11.625,137.0,3.0,3.0,34.5,295.0,3.0,2.0,15.625,178.0,2.0,4.0,2
2.0,27.0,4.0,5.0,3.5,38.0,2.0,4.0,3.5,37.0,1.0,4.0,4.0,52.0,4.0,4.0,8.625,112.0,6.0,5.0,23.875,327.0,5.0,5.0,35.0,393.0,3.0,4.0,14.625,166.0,5.0,4.0,2
3.75,31.0,2.0,2.0,4.0,30.0,2.0,1.0,5.25,48.0,3.0,4.0,4.5,45.0,4.0,3.0,5.125,69.0,6.0,6.0,18.5,211.0,6.0,5.0,38.0,339.0,3.0,4.0,12.25,121.0,4.0,3.0,2
5.375,55.0,3.0,3.0,3.75,37.0,4.0,5.0,3.875,35.0,4.0,2.0,7.625,94.0,5.0,4.0,8.125,107.0,5.0,4.0,40.625,456.0,4.0,4.0,64.125,615.0,4.0,4.0,17.625,167.0,2.0,3.0,2
2.75,32.0,6.0,5.0,1.875,16.0,4.0,4.0,2.375,14.0,1.0,1.0,4.375,47.0,5.0,4.0,7.5,97.0,4.0,4.0,35.5,431.0,3.0,4.0,63.75,758.0,5.0,4.0,7.375,70.0,3.0,2.0,2
8.25,93.0,4.0,4.0,17.125,238.0,5.0,5.0,4.875,45.0,3.0,3.0,5.75,67.0,3.0,5.0,8.5,109.0,5.0,4.0,39.5,437.0,4.0,3.0,38.0,463.0,4.0,4.0,14.875,233.0,5.0,5.0,2
9.25,113.0,5.0,4.0,15.5,177.0,3.0,4.0,7.75,106.0,6.0,5.0,4.25,33.0,1.0,2.0,6.625,53.0,3.0,2.0,20.125,215.0,5.0,4.0,23.75,343.0,6.0,6.0,22.375,333.0,6.0,6.0,2
7.0,87.0,3.0,4.0,18.375,234.0,5.0,5.0,5.125,70.0,4.0,5.0,4.75,41.0,4.0,1.0,5.75,55.0,4.0,2.0,15.375,191.0,6.0,5.0,14.5,113.0,3.0,4.0,11.5,117.0,4.0,3.0,2
4.0,48.0,3.0,5.0,8.125,95.0,6.0,5.0,3.25,38.0,3.0,3.0,7.125,73.0,4.0,4.0,8.25,121.0,5.0,5.0,18.5,239.0,6.0,5.0,44.75,507.0,6.0,5.0,13.5,110.0,3.0,4.0,2
7.125,79.0,1.0,5.0,5.75,41.0,1.0,5.0,7.625,67.0,3.0,4.0,7.75,86.0,5.0,5.0,6.125,55.0,3.0,4.0,22.875,279.0,5.0,4.0,29.125,339.0,5.0,4.0,8.125,85.0,1.0,3.0,2
4.25,47.0,3.0,4.0,8.75,120.0,5.0,5.0,4.625,31.0,3.0,3.0,4.875,40.0,3.0,3.0,5.125,50.0,2.0,4.0,23.5,221.0,3.0,4.0,15.5,115.0,2.0,3.0,11.125,109.0,3.0,2.0,2
4.0,43.0,5.0,4.0,4.625,49.0,2.0,5.0,2.25,26.0,2.0,3.0,2.0,17.0,1.0,2.0,5.25,54.0,4.0,5.0,16.5,240.0,5.0,5.0,32.375,349.0,5.0,5.0,16.375,187.0,5.0,4.0,2
7.0,68.0,3.0,3.0,4.875,46.0,1.0,2.0,4.375,30.0,2.0,1.0,5.875,56.0,2.0,3.0,7.5,88.0,5.0,5.0,30.625,372.0,5.0,5.0,45.625,566.0,6.0,5.0,31.625,316.0,4.0,4.0,2
9.25,129.0,4.0,5.0,4.75,53.0,2.0,5.0,3.25,33.0,4.0,4.0,4.25,47.0,2.0,5.0,7.75,66.0,2.0,3.0,16.75,159.0,3.0,3.0,28.0,175.0,2.0,3.0,30.875,399.0,5.0,5.0,2
6.375,42.0,3.0,2.0,5.875,55.0,4.0,4.0,3.625,34.0,2.0,4.0,8.625,79.0,3.0,3.0,9.25,106.0,3.0,3.0,15.125,145.0,3.0,3.0,36.5,399.0,4.0,5.0,23.625,167.0,3.0,2.0,2
6.625,88.0,6.0,5.0,4.875,70.0,5.0,5.0,4.5,57.0,6.0,5.0,2.75,37.0,3.0,5.0,6.75,74.0,4.0,5.0,38.375,395.0,4.0,4.0,73.75,985.0,6.0,5.0,21.375,175.0,4.0,3.0,2
4.875,67.0,7.0,6.0,4.125,44.0,3.0,6.0,3.75,37.0,3.0,4.0,3.75,53.0,2.0,5.0,5.75,66.0,3.0,3.0,33.125,384.0,5.0,4.0,29.125,217.0,2.0,3.0,11.0,125.0,6.0,5.0,2
13.375,121.0,3.0,2.0,17.0,203.0,4.0,5.0,4.625,48.0,2.0,3.0,6.625,78.0,2.0,5.0,11.25,148.0,4.0,4.0,27.875,356.0,5.0,5.0,30.125,404.0,3.0,5.0,23.625,223.0,3.0,3.0,2
8.875,95.0,2.0,5.0,11.625,103.0,4.0,4.0,5.75,61.0,4.0,4.0,5.25,57.0,5.0,4.0,5.875,65.0,5.0,4.0,18.75,231.0,2.0,3.0,38.0,458.0,4.0,3.0,19.75,232.0,5.0,5.0,2
5.25,36.0,2.0,1.0,6.375,61.0,3.0,2.0,8.375,75.0,3.0,4.0,6.0,63.0,4.0,4.0,6.5,77.0,5.0,4.0,18.125,206.0,5.0,6.0,50.25,576.0,5.0,4.0,14.875,162.0,5.0,4.0,2
3.75,34.0,4.0,4.0,3.0,33.0,5.0,4.0,3.625,39.0,4.0,4.0,4.5,59.0,4.0,4.0,8.0,87.0,3.0,5.0,27.25,286.0,3.0,5.0,35.25,268.0,2.0,4.0,14.25,166.0,4.0,5.0,2
4.625,52.0,5.0,3.0,1.875,26.0,5.0,6.0,2.625,33.0,4.0,5.0,3.0,44.0,4.0,4.0,4.875,55.0,4.0,3.0,12.75,130.0,4.0,3.0,56.375,799.0,6.0,6.0,25.375,351.0,7.0,6.0,2
4.375,51.0,4.0,4.0,3.375,40.0,4.0,4.0,5.875,74.0,5.0,4.0,4.875,56.0,1.0,5.0,7.875,81.0,3.0,3.0,24.0,299.0,4.0,5.0,22.25,327.0,5.0,5.0,15.25,187.0,7.0,6.0,2
5.25,78.0,3.0,6.0,3.125,27.0,1.0,3.0,4.5,58.0,2.0,5.0,5.875,84.0,5.0,5.0,7.875,114.0,7.0,6.0,29.625,402.0,5.0,6.0,32.75,456.0,5.0,5.0,23.375,297.0,3.0,6.0,2
4.25,62.0,4.0,6.0,8.625,127.0,5.0,6.0,2.5,31.0,5.0,4.0,3.625,41.0,4.0,4.0,6.0,72.0,4.0,4.0,26.625,267.0,5.0,4.0,45.25,488.0,3.0,4.0,18.375,157.0,3.0,2.0,2
5.0,53.0,4.0,4.0,5.25,52.0,4.0,4.0,2.125,20.0,2.0,2.0,3.5,37.0,4.0,2.0,4.625,35.0,2.0,3.0,31.625,416.0,6.0,5.0,47.75,666.0,6.0,5.0,22.375,253.0,4.0,4.0,2
2.75,31.0,5.0,4.0,6.875,81.0,4.0,3.0,3.375,36.0,2.0,5.0,6.0,65.0,3.0,4.0,7.625,74.0,5.0,4.0,26.25,250.0,5.0,4.0,35.625,436.0,3.0,6.0,8.75,85.0,4.0,3.0,2
5.25,67.0,4.0,5.0,5.0,73.0,3.0,6.0,3.875,47.0,5.0,4.0,3.25,36.0,5.0,3.0,6.125,91.0,5.0,5.0,36.75,467.0,7.0,6.0,60.5,639.0,5.0,4.0,20.625,237.0,4.0,5.0,2
8.0,102.0,5.0,5.0,7.875,113.0,3.0,3.0,2.875,36.0,3.0,3.0,4.375,48.0,3.0,2.0,6.375,97.0,5.0,5.0,19.375,258.0,3.0,4.0,55.875,502.0,2.0,4.0,25.0,316.0,5.0,6.0,2
7.25,64.0,3.0,2.0,5.5,50.0,3.0,3.0,4.125,44.0,1.0,4.0,4.875,58.0,4.0,5.0,9.625,116.0,4.0,5.0,31.5,458.0,6.0,5.0,24.5,343.0,7.0,6.0,19.375,282.0,7.0,6.0,2
7.25,92.0,6.0,5.0,5.875,65.0,4.0,3.0,4.375,50.0,4.0,4.0,6.5,70.0,4.0,5.0,10.5,132.0,6.0,5.0,29.5,317.0,4.0,5.0,43.875,530.0,6.0,5.0,23.0,277.0,4.0,4.0,2
3.625,40.0,2.0,4.0,5.0,61.0,2.0,4.0,6.25,60.0,3.0,3.0,3.75,39.0,3.0,4.0,5.625,72.0,3.0,5.0,24.125,339.0,5.0,5.0,12.625,172.0,3.0,5.0,13.875,131.0,2.0,4.0,2
4.875,56.0,5.0,4.0,3.875,47.0,5.0,3.0,3.125,35.0,5.0,3.0,4.25,53.0,3.0,4.0,6.375,70.0,4.0,4.0,24.0,221.0,4.0,3.0,22.875,287.0,2.0,3.0,24.75,332.0,6.0,5.0,2
7.0,91.0,5.0,5.0,14.0,199.0,6.0,5.0,4.625,58.0,6.0,5.0,5.375,61.0,2.0,5.0,8.125,107.0,5.0,4.0,28.125,282.0,4.0,3.0,44.5,420.0,3.0,2.0,6.375,86.0,3.0,4.0,2
4.0,32.0,2.0,2.0,6.375,76.0,4.0,6.0,3.75,40.0,2.0,5.0,3.375,27.0,0.0,3.0,4.25,40.0,3.0,4.0,30.25,309.0,4.0,3.0,58.0,598.0,3.0,3.0,10.25,65.0,3.0,4.0,2
3.875,37.0,4.0,5.0,5.0,42.0,2.0,3.0,4.25,37.0,4.0,3.0,6.625,64.0,2.0,4.0,6.125,64.0,5.0,4.0,22.125,206.0,3.0,2.0,32.625,390.0,5.0,4.0,12.5,156.0,5.0,6.0,2
6.5,81.0,4.0,3.0,8.25,104.0,6.0,5.0,2.375,29.0,3.0,3.0,4.5,52.0,4.0,4.0,8.75,95.0,4.0,4.0,39.375,466.0,3.0,3.0,50.125,574.0,2.0,3.0,11.375,125.0,4.0,5.0,2
7.0,86.0,4.0,4.0,5.75,69.0,4.0,4.0,4.0,41.0,2.0,4.0,3.25,42.0,5.0,4.0,4.125,39.0,2.0,2.0,19.5,208.0,3.0,5.0,37.0,410.0,4.0,4.0,29.75,375.0,5.0,4.0,2
5.875,55.0,4.0,3.0,7.5,69.0,4.0,5.0,4.0,42.0,3.0,4.0,5.125,61.0,3.0,3.0,5.25,61.0,5.0,4.0,16.5,202.0,5.0,4.0,18.25,198.0,4.0,4.0,12.5,123.0,2.0,4.0,2
10.375,117.0,3.0,4.0,18.5,137.0,2.0,2.0,10.0,103.0,1.0,2.0,6.0,78.0,2.0,5.0,4.75,43.0,3.0,1.0,24.0,269.0,3.0,5.0,27.875,278.0,3.0,5.0,18.625,172.0,2.0,3.0,2
4.25,30.0,1.0,3.0,7.625,86.0,5.0,6.0,5.75,58.0,2.0,3.0,9.75,113.0,3.0,5.0,6.5,74.0,5.0,5.0,23.125,261.0,4.0,4.0,29.0,293.0,5.0,4.0,8.0,112.0,3.0,4.0,2
5.0,45.0,2.0,2.0,5.75,54.0,2.0,3.0,4.125,53.0,4.0,4.0,5.875,71.0,5.0,4.0,8.25,106.0,5.0,4.0,29.375,388.0,6.0,5.0,48.375,662.0,6.0,5.0,20.25,240.0,4.0,5.0,2
5.75,66.0,5.0,4.0,7.375,83.0,4.0,4.0,4.5,42.0,4.0,3.0,4.875,52.0,4.0,3.0,6.375,83.0,5.0,4.0,19.5,293.0,5.0,4.0,32.0,418.0,5.0,4.0,17.375,225.0,6.0,5.0,2
3.5,24.0,3.0,2.0,4.125,46.0,3.0,4.0,2.0,22.0,4.0,5.0,3.25,43.0,2.0,6.0,9.0,127.0,5.0,6.0,19.5,295.0,7.0,6.0,22.625,199.0,5.0,4.0,17.5,218.0,3.0,4.0,2
5.625,63.0,4.0,4.0,7.125,105.0,4.0,4.0,3.25,45.0,4.0,5.0,5.625,65.0,3.0,3.0,5.25,54.0,3.0,3.0,27.0,294.0,5.0,4.0,43.375,434.0,5.0,4.0,17.5,220.0,4.0,3.0,2
3.25,44.0,4.0,5.0,6.875,78.0,3.0,4.0,6.625,92.0,6.0,5.0,5.875,79.0,5.0,5.0,8.0,98.0,5.0,4.0,27.75,294.0,3.0,4.0,32.0,429.0,5.0,5.0,22.375,257.0,5.0,4.0,2
6.125,71.0,5.0,4.0,4.75,58.0,5.0,4.0,4.875,53.0,5.0,4.0,8.125,78.0,4.0,4.0,6.75,61.0,5.0,4.0,15.125,123.0,2.0,1.0,29.25,273.0,2.0,3.0,20.625,273.0,5.0,4.0,2
4.5,61.0,4.0,5.0,9.0,83.0,4.0,3.0,4.375,58.0,4.0,5.0,3.875,40.0,3.0,4.0,4.125,42.0,3.0,3.0,13.25,128.0,3.0,4.0,21.625,209.0,3.0,4.0,11.875,163.0,6.0,5.0,2
3.125,33.0,2.0,3.0,7.125,90.0,5.0,5.0,3.25,32.0,3.0,4.0,4.75,44.0,3.0,4.0,6.625,74.0,3.0,4.0,21.375,252.0,3.0,4.0,52.5,506.0,5.0,4.0,20.75,284.0,5.0,6.0,2
5.875,56.0,4.0,4.0,8.375,83.0,2.0,4.0,7.0,72.0,1.0,4.0,7.625,102.0,2.0,4.0,6.875,70.0,2.0,4.0,22.75,264.0,6.0,5.0,22.375,172.0,2.0,3.0,21.625,269.0,4.0,5.0,2
3.625,40.0,5.0,5.0,5.375,50.0,3.0,5.0,3.5,23.0,3.0,2.0,5.375,57.0,2.0,4.0,6.75,87.0,5.0,5.0,26.875,351.0,5.0,5.0,26.625,248.0,3.0,3.0,14.125,171.0,5.0,4.0,2
2.375,19.0,2.0,1.0,2.875,29.0,4.0,3.0,1.5,24.0,5.0,6.0,2.75,31.0,5.0,4.0,7.75,68.0,2.0,6.0,18.125,203.0,5.0,5.0,28.375,414.0,4.0,5.0,22.0,281.0,5.0,5.0,2
4.125,47.0,4.0,4.0,4.125,41.0,3.0,3.0,2.0,26.0,2.0,3.0,4.375,47.0,5.0,4.0,7.375,67.0,3.0,4.0,18.125,195.0,4.0,4.0,19.25,204.0,4.0,4.0,22.25,276.0,5.0,4.0,2
5.0,57.0,4.0,5.0,6.125,73.0,5.0,4.0,3.25,20.0,2.0,4.0,3.375,18.0,1.0,3.0,6.25,71.0,5.0,5.0,12.0,122.0,4.0,3.0,26.75,339.0,5.0,4.0,10.25,111.0,4.0,4.0,2
6.75,85.0,5.0,5.0,7.625,113.0,3.0,5.0,5.0,65.0,5.0,5.0,5.75,69.0,4.0,6.0,8.875,112.0,4.0,4.0,33.75,319.0,4.0,3.0,61.875,637.0,4.0,3.0,11.75,122.0,4.0,4.0,2
4.125,46.0,3.0,4.0,7.5,63.0,2.0,4.0,3.625,44.0,4.0,5.0,4.0,51.0,4.0,5.0,8.875,111.0,5.0,4.0,21.75,270.0,6.0,5.0,57.625,808.0,6.0,6.0,17.375,241.0,7.0,6.0,2
7.375,88.0,5.0,4.0,5.875,75.0,4.0,4.0,5.0,62.0,5.0,4.0,7.625,92.0,4.0,4.0,11.25,137.0,5.0,4.0,22.5,328.0,5.0,5.0,50.125,628.0,4.0,5.0,23.125,250.0,4.0,5.0,2
3.875,42.0,4.0,3.0,7.75,76.0,3.0,3.0,3.625,38.0,2.0,4.0,2.875,32.0,2.0,4.0,4.0,56.0,7.0,6.0,7.625,77.0,4.0,4.0,30.125,355.0,7.0,6.0,7.125,79.0,3.0,4.0,2
4.375,41.0,2.0,4.0,5.0,49.0,2.0,2.0,4.5,37.0,2.0,3.0,4.5,60.0,3.0,4.0,8.0,118.0,7.0,6.0,22.0,268.0,5.0,6.0,18.875,214.0,4.0,4.0,12.5,96.0,3.0,3.0,2
4.75,54.0,5.0,4.0,2.875,24.0,5.0,5.0,2.875,21.0,3.0,2.0,2.625,25.0,0.0,6.0,4.375,65.0,5.0,6.0,14.75,201.0,6.0,5.0,13.25,112.0,2.0,3.0,16.125,186.0,3.0,5.0,2
2.125,29.0,2.0,4.0,1.25,12.0,2.0,3.0,2.75,36.0,5.0,5.0,3.25,36.0,4.0,4.0,6.25,78.0,3.0,4.0,13.25,134.0,2.0,4.0,34.75,483.0,5.0,4.0,18.125,233.0,4.0,6.0,2
5.5,85.0,6.0,6.0,7.625,110.0,5.0,4.0,5.25,70.0,6.0,4.0,7.0,100.0,6.0,5.0,3.375,26.0,5.0,4.0,13.875,139.0,5.0,4.0,15.5,162.0,4.0,3.0,9.75,87.0,4.0,4.0,2
4.25,58.0,3.0,5.0,5.25,69.0,3.0,4.0,3.5,37.0,4.0,2.0,4.125,57.0,4.0,4.0,7.25,76.0,4.0,5.0,29.375,332.0,4.0,4.0,41.75,415.0,5.0,4.0,13.5,160.0,4.0,5.0,2
3.25,30.0,4.0,2.0,3.25,29.0,3.0,4.0,3.875,42.0,4.0,4.0,4.625,54.0,3.0,4.0,5.125,59.0,2.0,5.0,17.625,187.0,4.0,3.0,61.125,645.0,4.0,5.0,15.5,175.0,4.0,3.0,2
3.375,27.0,2.0,2.0,2.5,30.0,5.0,4.0,2.125,29.0,4.0,4.0,3.375,45.0,6.0,5.0,5.75,78.0,5.0,5.0,19.0,229.0,5.0,4.0,43.125,467.0,3.0,4.0,6.5,70.0,3.0,4.0,2
5.875,62.0,1.0,4.0,2.75,20.0,3.0,4.0,2.625,31.0,5.0,4.0,4.25,43.0,3.0,4.0,2.5,32.0,3.0,3.0,9.0,78.0,1.0,4.0,35.875,518.0,7.0,6.0,7.0,101.0,3.0,5.0,2
5.125,46.0,2.0,4.0,5.375,46.0,1.0,2.0,6.0,64.0,1.0,2.0,6.125,61.0,2.0,2.0,9.125,117.0,4.0,4.0,34.375,430.0,4.0,5.0,44.25,421.0,3.0,3.0,13.875,189.0,5.0,4.0,2
2.0,27.0,2.0,5.0,2.25,13.0,2.0,3.0,4.0,30.0,2.0,2.0,5.375,41.0,2.0,1.0,10.375,115.0,4.0,4.0,12.125,136.0,4.0,3.0,28.625,369.0,6.0,5.0,8.25,87.0,3.0,4.0,2
2.25,21.0,1.0,3.0,2.375,22.0,4.0,2.0,2.5,23.0,4.0,3.0,4.75,46.0,4.0,4.0,7.375,105.0,4.0,6.0,15.875,182.0,5.0,4.0,21.125,284.0,6.0,6.0,10.25,121.0,4.0,3.0,2
3.5,22.0,1.0,2.0,1.875,17.0,2.0,3.0,3.5,32.0,4.0,4.0,6.75,64.0,4.0,3.0,5.125,68.0,4.0,5.0,23.5,345.0,7.0,6.0,46.125,562.0,6.0,5.0,11.625,116.0,3.0,4.0,2
3.5,33.0,4.0,4.0,4.375,45.0,2.0,3.0,3.125,31.0,4.0,2.0,5.0,59.0,5.0,4.0,7.75,93.0,4.0,5.0,30.875,294.0,3.0,4.0,27.625,311.0,7.0,6.0,8.5,72.0,4.0,3.0,2
4.75,74.0,5.0,5.0,11.5,174.0,4.0,4.0,6.125,82.0,5.0,4.0,3.0,41.0,2.0,4.0,5.125,69.0,5.0,4.0,28.125,348.0,4.0,4.0,51.375,628.0,5.0,5.0,10.75,128.0,5.0,4.0,2
6.25,86.0,5.0,5.0,11.125,75.0,1.0,2.0,4.625,44.0,2.0,2.0,4.875,51.0,2.0,3.0,6.875,53.0,3.0,3.0,37.125,442.0,4.0,3.0,49.375,610.0,5.0,6.0,10.125,132.0,5.0,4.0,2
11.25,124.0,3.0,4.0,12.0,116.0,4.0,4.0,3.875,41.0,3.0,3.0,3.5,48.0,3.0,3.0,3.125,31.0,4.0,3.0,32.0,371.0,4.0,5.0,27.875,372.0,5.0,5.0,12.25,85.0,2.0,4.0,2
7.5,94.0,5.0,4.0,8.0,81.0,3.0,5.0,2.375,28.0,5.0,6.0,4.375,59.0,4.0,6.0,6.75,92.0,7.0,6.0,27.375,341.0,5.0,4.0,17.75,174.0,3.0,4.0,13.125,129.0,4.0,3.0,2
7.125,86.0,2.0,4.0,9.25,115.0,4.0,4.0,5.875,34.0,1.0,2.0,6.0,58.0,4.0,4.0,10.125,124.0,6.0,5.0,25.0,269.0,6.0,5.0,23.625,317.0,4.0,5.0,10.375,98.0,2.0,4.0,2
5.0,54.0,3.0,4.0,5.25,53.0,4.0,3.0,5.5,66.0,3.0,4.0,8.875,114.0,4.0,4.0,10.875,152.0,3.0,4.0,27.125,368.0,6.0,5.0,42.375,565.0,5.0,4.0,15.375,179.0,5.0,4.0,2
4.375,46.0,3.0,5.0,3.5,44.0,4.0,4.0,2.75,39.0,6.0,5.0,3.75,46.0,6.0,5.0,3.75,16.0,0.0,3.0,15.75,152.0,3.0,4.0,53.5,600.0,5.0,6.0,17.75,260.0,7.0,6.0,2
5.125,58.0,5.0,5.0,6.625,62.0,3.0,3.0,1.375,16.0,2.0,3.0,4.875,48.0,3.0,2.0,7.75,76.0,5.0,4.0,19.125,233.0,5.0,4.0,33.375,315.0,5.0,4.0,15.25,148.0,3.0,6.0,2
4.875,60.0,4.0,4.0,5.0,42.0,2.0,4.0,3.5,14.0,1.0,0.0,6.5,66.0,3.0,4.0,10.5,108.0,5.0,4.0,34.0,442.0,5.0,5.0,64.875,596.0,2.0,4.0,18.0,252.0,4.0,4.0,2
6.625,86.0,5.0,5.0,12.375,126.0,5.0,4.0,4.75,61.0,6.0,5.0,5.0,62.0,6.0,5.0,8.0,112.0,5.0,5.0,31.5,437.0,6.0,5.0,46.0,559.0,4.0,4.0,15.0,169.0,4.0,3.0,2
10.25,100.0,5.0,4.0,11.375,136.0,5.0,4.0,7.0,60.0,3.0,2.0,5.875,54.0,3.0,2.0,7.125,90.0,4.0,5.0,35.5,449.0,6.0,5.0,50.125,659.0,4.0,5.0,10.625,154.0,5.0,5.0,2
15.0,133.0,2.0,5.0,10.0,84.0,4.0,2.0,4.625,45.0,2.0,5.0,2.875,24.0,3.0,4.0,7.5,102.0,6.0,5.0,30.875,351.0,5.0,5.0,37.625,436.0,5.0,5.0,12.5,147.0,2.0,2.0,2
8.875,116.0,4.0,4.0,12.25,137.0,3.0,3.0,5.0,59.0,4.0,4.0,3.375,39.0,4.0,3.0,5.625,58.0,4.0,4.0,20.625,148.0,2.0,4.0,19.75,207.0,2.0,5.0,23.75,314.0,4.0,4.0,2
4.25,43.0,4.0,3.0,5.375,71.0,4.0,4.0,4.0,47.0,3.0,4.0,4.5,58.0,3.0,5.0,7.375,99.0,4.0,5.0,27.75,322.0,3.0,4.0,16.25,166.0,5.0,4.0,18.125,225.0,4.0,6.0,2
5.125,56.0,5.0,4.0,4.125,51.0,5.0,3.0,2.875,36.0,2.0,3.0,6.5,85.0,4.0,4.0,2.5,37.0,4.0,4.0,13.125,152.0,4.0,4.0,22.5,290.0,5.0,4.0,13.0,136.0,4.0,3.0,2
3.5,48.0,4.0,5.0,3.875,33.0,2.0,4.0,5.875,38.0,2.0,1.0,4.75,45.0,2.0,3.0,3.5,36.0,4.0,4.0,19.5,198.0,4.0,3.0,34.125,427.0,6.0,5.0,17.0,248.0,5.0,6.0,2
5.125,65.0,6.0,5.0,2.375,31.0,4.0,4.0,3.875,34.0,2.0,2.0,4.75,41.0,4.0,3.0,7.5,95.0,4.0,3.0,26.5,256.0,2.0,5.0,66.875,876.0,6.0,5.0,32.5,428.0,6.0,5.0,2
7.125,86.0,3.0,3.0,3.75,46.0,2.0,4.0,5.125,55.0,3.0,5.0,7.625,95.0,5.0,5.0,5.125,73.0,5.0,4.0,30.0,337.0,5.0,4.0,71.375,815.0,5.0,4.0,34.5,397.0,3.0,3.0,2
5.75,68.0,5.0,4.0,2.125,22.0,3.0,4.0,1.875,21.0,3.0,3.0,3.0,19.0,2.0,3.0,8.25,74.0,2.0,5.0,25.0,199.0,4.0,3.0,40.375,304.0,3.0,4.0,30.625,346.0,5.0,5.0,2
4.5,48.0,5.0,5.0,2.25,24.0,3.0,5.0,5.5,54.0,5.0,4.0,6.625,66.0,3.0,4.0,10.625,133.0,5.0,4.0,26.125,259.0,5.0,4.0,36.375,446.0,4.0,3.0,8.0,115.0,5.0,5.0,2
8.75,91.0,4.0,3.0,5.625,61.0,4.0,5.0,3.25,37.0,4.0,5.0,3.75,40.0,2.0,5.0,7.25,86.0,3.0,3.0,21.0,286.0,6.0,5.0,29.375,434.0,6.0,5.0,9.125,110.0,4.0,5.0,2
8.25,82.0,3.0,4.0,5.375,67.0,4.0,4.0,2.625,37.0,4.0,4.0,4.875,39.0,2.0,4.0,5.875,56.0,3.0,5.0,19.875,192.0,2.0,3.0,23.375,221.0,4.0,3.0,9.25,116.0,4.0,6.0,2
9.125,101.0,4.0,3.0,7.25,73.0,4.0,3.0,5.125,62.0,4.0,4.0,7.5,94.0,5.0,5.0,9.25,126.0,5.0,5.0,20.625,304.0,5.0,5.0,14.625,217.0,5.0,6.0,17.0,170.0,4.0,3.0,2
10.75,138.0,5.0,5.0,4.5,54.0,5.0,6.0,2.875,28.0,2.0,3.0,3.625,41.0,3.0,3.0,3.875,31.0,2.0,2.0,19.75,257.0,7.0,6.0,32.875,453.0,7.0,6.0,9.625,132.0,3.0,4.0,2
6.5,55.0,3.0,2.0,4.0,38.0,3.0,4.0,4.125,45.0,3.0,2.0,5.5,74.0,3.0,5.0,8.875,119.0,5.0,5.0,19.5,204.0,5.0,4.0,27.0,240.0,4.0,3.0,24.375,190.0,3.0,2.0,2
7.875,94.0,4.0,5.0,3.375,31.0,3.0,4.0,2.625,32.0,4.0,4.0,3.875,53.0,4.0,4.0,5.0,49.0,3.0,5.0,17.125,140.0,4.0,3.0,33.875,333.0,4.0,4.0,17.625,223.0,5.0,4.0,2
6.75,74.0,5.0,4.0,4.625,56.0,5.0,4.0,3.0,40.0,4.0,4.0,6.25,80.0,5.0,5.0,10.25,123.0,5.0,5.0,30.5,381.0,5.0,4.0,50.375,610.0,5.0,5.0,40.75,481.0,4.0,5.0,2
7.125,97.0,4.0,4.0,5.625,75.0,4.0,5.0,2.875,30.0,1.0,3.0,3.25,37.0,4.0,5.0,4.25,46.0,2.0,5.0,21.25,257.0,4.0,4.0,51.5,278.0,2.0,3.0,18.0,204.0,4.0,4.0,2
3.5,40.0,3.0,3.0,4.5,30.0,2.0,2.0,4.125,51.0,5.0,5.0,2.0,18.0,1.0,2.0,4.5,38.0,3.0,4.0,22.5,295.0,5.0,4.0,40.125,463.0,5.0,4.0,18.875,224.0,3.0,2.0,2
1.625,20.0,0.0,3.0,2.625,31.0,4.0,5.0,3.5,38.0,4.0,4.0,3.25,39.0,3.0,4.0,4.375,57.0,4.0,4.0,22.25,241.0,4.0,3.0,35.75,307.0,2.0,5.0,15.0,129.0,2.0,3.0,2
8.625,101.0,4.0,4.0,8.375,101.0,4.0,4.0,2.25,28.0,3.0,5.0,4.5,39.0,3.0,4.0,7.75,78.0,6.0,5.0,20.25,180.0,3.0,2.0,29.375,332.0,3.0,3.0,9.375,99.0,3.0,4.0,2
5.75,50.0,3.0,5.0,3.875,44.0,4.0,4.0,3.75,34.0,4.0,3.0,6.0,36.0,2.0,2.0,5.875,55.0,4.0,4.0,29.875,404.0,5.0,4.0,50.375,576.0,5.0,4.0,18.0,214.0,4.0,4.0,2
5.75,83.0,7.0,6.0,5.625,89.0,6.0,6.0,4.125,48.0,3.0,3.0,6.625,85.0,3.0,3.0,5.0,63.0,3.0,3.0,14.375,132.0,4.0,3.0,9.5,101.0,5.0,4.0,10.375,160.0,5.0,5.0,2
2.875,25.0,1.0,5.0,3.125,40.0,2.0,4.0,3.875,54.0,7.0,6.0,5.375,77.0,3.0,5.0,14.25,152.0,3.0,2.0,27.625,313.0,4.0,3.0,16.125,127.0,3.0,2.0,11.25,140.0,5.0,4.0,2
4.25,45.0,4.0,3.0,3.125,30.0,4.0,5.0,1.75,17.0,4.0,3.0,2.625,19.0,2.0,1.0,8.125,109.0,7.0,6.0,10.75,131.0,4.0,4.0,28.0,364.0,4.0,5.0,21.75,243.0,3.0,5.0,2
4.75,69.0,7.0,6.0,10.25,149.0,3.0,3.0,2.375,21.0,1.0,3.0,6.25,66.0,4.0,3.0,10.75,125.0,5.0,4.0,26.25,304.0,5.0,4.0,29.125,318.0,4.0,3.0,18.625,230.0,6.0,5.0,2
3.625,35.0,3.0,4.0,9.0,95.0,5.0,4.0,3.0,25.0,3.0,5.0,0.75,10.0,2.0,5.0,4.75,56.0,5.0,4.0,15.25,155.0,4.0,3.0,17.375,220.0,4.0,4.0,7.625,84.0,4.0,5.0,2
8.25,108.0,6.0,5.0,17.0,225.0,6.0,5.0,4.875,64.0,6.0,5.0,5.25,75.0,5.0,5.0,6.625,74.0,4.0,5.0,36.25,464.0,6.0,5.0,52.0,646.0,6.0,5.0,20.25,244.0,3.0,5.0,2
5.0,39.0,2.0,5.0,5.375,55.0,4.0,5.0,3.25,31.0,3.0,2.0,4.25,47.0,3.0,4.0,7.25,85.0,5.0,4.0,22.125,274.0,4.0,2.0,30.0,381.0,6.0,6.0,20.375,268.0,4.0,6.0,2
7.125,77.0,5.0,4.0,4.25,34.0,1.0,1.0,3.375,37.0,4.0,6.0,3.875,49.0,4.0,4.0,8.875,120.0,4.0,4.0,12.875,141.0,4.0,4.0,26.25,347.0,2.0,5.0,20.75,270.0,3.0,3.0,2
4.625,63.0,4.0,5.0,12.5,153.0,5.0,5.0,4.75,63.0,6.0,5.0,6.5,73.0,4.0,3.0,8.5,81.0,4.0,3.0,30.75,368.0,4.0,3.0,26.5,270.0,4.0,5.0,17.375,127.0,3.0,2.0,2
